{
  "MR": [
    143.39,
    145,
    150
  ],
  "L": [
    164.18,
    165,
    160
  ],
  "S": [
    130.36,
    130,
    130
  ],
  "6": [
    138.79,
    140,
    140
  ],
  "16": [
    199.86,
    200,
    185
  ],
  "6R": [
    139.6,
    140,
    140
  ],
  "10": [
    158.68,
    160,
    160
  ],
  "36": [
    126.85,
    125,
    130
  ],
  "0": [
    117.37,
    115,
    115
  ],
  "12": [
    170.66,
    170,
    170
  ],
  "M": [
    145.4,
    145,
    150
  ],
  "8": [
    147.85,
    150,
    150
  ],
  "NONE": [
    144.4,
    140,
    130
  ],
  "44": [
    155.65,
    155,
    160
  ],
  "SR": [
    130.74,
    130,
    130
  ],
  "1": [
    128.02,
    128,
    130
  ],
  "42": [
    143.63,
    140,
    135
  ],
  "XLR": [
    181.61,
    180,
    170
  ],
  "XS": [
    118.6,
    117,
    115
  ],
  "": [],
  "2": [
    125.81,
    125,
    125
  ],
  "42R": [
    153.71,
    158,
    140
  ],
  "50R": [
    172.0,
    179,
    165
  ],
  "6L": [
    143.59,
    145,
    150
  ],
  "4": [
    131.64,
    130,
    130
  ],
  "10R": [
    158.18,
    160,
    160
  ],
  "P-SR": [
    127.67,
    133,
    120
  ],
  "M-L": [
    158.35,
    155,
    150
  ],
  "12R": [
    168.42,
    170,
    170
  ],
  "40": [
    139.56,
    140,
    150
  ],
  "10L": [
    166.81,
    165,
    175
  ],
  "34R": [
    121.4,
    120,
    115
  ],
  "14": [
    181.82,
    180,
    180
  ],
  "2R": [
    123.06,
    124,
    125
  ],
  "8R": [
    149.88,
    150,
    150
  ],
  "LR": [
    161.31,
    160,
    160
  ],
  "4R": [
    130.79,
    130,
    130
  ],
  "48": [
    172.24,
    170,
    180
  ],
  "46L": [
    165.0,
    170,
    160
  ],
  "50": [
    185.5,
    185,
    148
  ],
  "46": [
    159.95,
    160,
    155
  ],
  "16R": [
    199.75,
    200,
    200
  ],
  "0P": [
    114.29,
    118,
    110
  ],
  "44R": [
    160.36,
    161,
    135
  ],
  "0X": [
    186.67,
    190,
    180
  ],
  "0R": [
    114.48,
    115,
    110
  ],
  "XL": [
    185.64,
    185,
    200
  ],
  "XSR": [
    118.39,
    118,
    115
  ],
  "XXLR": [
    207.89,
    210,
    200
  ],
  "38": [
    131.21,
    130,
    130
  ],
  "S-M": [
    140.44,
    140,
    130
  ],
  "4XL": [
    230.0,
    230,
    230
  ],
  "34": [
    121.16,
    120,
    125
  ],
  "38R": [
    133.52,
    135,
    125
  ],
  "XXL": [
    205.02,
    207,
    220
  ],
  "3": [
    154.2,
    150,
    150
  ],
  "P-S": [
    130.05,
    130,
    125
  ],
  "3XR": [
    255.0,
    290,
    220
  ],
  "1XR": [
    228.5,
    220,
    220
  ],
  "XXS": [
    112.42,
    112,
    110
  ],
  "46R": [
    156.67,
    180,
    140
  ],
  "2X": [
    233.15,
    235,
    240
  ],
  "2XSR": [],
  "40R": [
    142.48,
    145,
    145
  ],
  "8L": [
    158.27,
    160,
    150
  ],
  "28R": [
    137.92,
    140,
    125
  ],
  "14R": [
    180.87,
    180,
    190
  ],
  "31": [
    154.6,
    145,
    145
  ],
  "12L": [
    173.69,
    175,
    170
  ],
  "ONESIZE": [
    164.59,
    160,
    130
  ],
  "18R": [
    226.93,
    230,
    250
  ],
  "27": [
    131.16,
    130,
    125
  ],
  "3X": [
    232.45,
    240,
    158
  ],
  "None": [
    145.39,
    140,
    150
  ],
  "1X": [
    210.62,
    210,
    190
  ],
  "20R": [
    243.43,
    245,
    215
  ],
  "20": [
    233.33,
    235,
    230
  ],
  "22WR": [],
  "29": [
    149.38,
    150,
    160
  ],
  "24": [
    141.86,
    120,
    120
  ],
  "2XL": [
    207.0,
    205,
    200
  ],
  "28": [
    138.03,
    139,
    140
  ],
  "ML": [
    148.62,
    145,
    145
  ],
  "18": [
    217.82,
    220,
    240
  ],
  "26": [
    130.91,
    130,
    125
  ],
  "48R": [
    170.75,
    168,
    138
  ],
  "XLL": [],
  "30": [
    156.73,
    160,
    160
  ],
  "2XR": [
    266.67,
    290,
    250
  ],
  "3R": [
    151.0,
    150,
    125
  ],
  "22": [
    268.33,
    295,
    230
  ],
  "14L": [
    186.6,
    190,
    190
  ],
  "30R": [
    160.1,
    160,
    170
  ],
  "27R": [
    137.59,
    135,
    135
  ],
  "36R": [
    129.42,
    130,
    125
  ],
  "4P": [
    127.6,
    126,
    125
  ],
  "52R": [
    190.0,
    190,
    190
  ],
  "18W": [],
  "1R": [
    132.65,
    130,
    125
  ],
  "16L": [
    206.56,
    205,
    180
  ],
  "5": [
    186.5,
    190,
    140
  ],
  "42L": [],
  "4L": [
    134.71,
    135,
    130
  ],
  "2L": [
    124.25,
    125,
    125
  ],
  "22R": [
    261.25,
    275,
    215
  ],
  "4XS": [
    110.0,
    110,
    110
  ],
  "3XSR": [
    125.0,
    130,
    120
  ],
  "33R": [
    200.0,
    200,
    200
  ],
  "2P": [
    122.08,
    125,
    125
  ],
  "2XS": [
    144.6,
    145,
    145
  ],
  "XS-S": [
    129.0,
    130,
    115
  ],
  "38L": [
    121.25,
    127,
    105
  ],
  "25R": [
    123.4,
    120,
    115
  ],
  "L-XL": [
    180.0,
    185,
    175
  ],
  "6P": [
    133.4,
    130,
    130
  ],
  "XXSR": [
    107.8,
    110,
    112
  ],
  "52": [
    210.0,
    225,
    230
  ],
  "29R": [
    153.7,
    155,
    140
  ],
  "25": [
    121.0,
    120,
    115
  ],
  "18-20": [
    233.0,
    244,
    215
  ],
  "12P": [
    158.0,
    158,
    158
  ],
  "26R": [
    127.0,
    125,
    125
  ],
  "14-16": [
    160.0,
    160,
    160
  ],
  "22W": [],
  "16WL": [],
  "SL": [
    130.67,
    135,
    145
  ],
  "32": [
    121.0,
    120,
    120
  ],
  "XLP": [],
  "5R": [
    168.33,
    175,
    160
  ],
  "XSP": [
    115.29,
    115,
    110
  ],
  "32R": [
    134.12,
    120,
    105
  ],
  "31R": [
    173.33,
    185,
    160
  ],
  "XSL": [],
  "SP": [
    123.75,
    126,
    126
  ],
  "3XL": [
    268.5,
    290,
    247
  ],
  "18/20": [],
  "00": [
    113.88,
    115,
    115
  ],
  "14P": [],
  "16WR": [],
  "16W": [
    191.0,
    237,
    160
  ],
  "-1": [],
  "8P": [
    145.0,
    145,
    145
  ],
  "10P": [
    160.0,
    160,
    160
  ],
  "LL": [
    162.5,
    165,
    155
  ],
  "54R": [],
  "44L": [],
  "16P": [],
  "40L": [],
  "22-24": [],
  "MP": [],
  "0L": [],
  "18WR": [],
  "3XS": [
    145.0,
    145,
    145
  ],
  "00R": [
    111.67,
    115,
    115
  ],
  "54": [],
  "18WP": [],
  "52L": [],
  "24R": [
    125.0,
    125,
    125
  ],
  "20WR": [],
  "M-LR": [],
  "20W": [],
  "14/16": [],
  "18L": [
    195.0,
    195,
    195
  ]
}