{
  "MR": [
    34.3,
    34,
    34
  ],
  "L": [
    35.61,
    36,
    36
  ],
  "S": [
    33.4,
    34,
    34
  ],
  "6": [
    34.02,
    34,
    34
  ],
  "16": [
    38.23,
    38,
    38
  ],
  "6R": [
    33.98,
    34,
    34
  ],
  "10": [
    35.31,
    36,
    36
  ],
  "36": [
    33.31,
    34,
    34
  ],
  "0": [
    32.84,
    32,
    32
  ],
  "12": [
    36.01,
    36,
    36
  ],
  "M": [
    34.39,
    34,
    34
  ],
  "8": [
    34.64,
    34,
    34
  ],
  "NONE": [
    34.35,
    34,
    34
  ],
  "44": [
    34.96,
    36,
    36
  ],
  "SR": [
    33.34,
    34,
    34
  ],
  "1": [
    33.04,
    34,
    34
  ],
  "42": [
    34.26,
    34,
    34
  ],
  "XLR": [
    36.54,
    36,
    36
  ],
  "XS": [
    32.62,
    32,
    32
  ],
  "": [],
  "2": [
    33.12,
    34,
    34
  ],
  "42R": [
    34.69,
    34,
    34
  ],
  "50R": [
    36.5,
    36,
    36
  ],
  "6L": [
    34.73,
    34,
    34
  ],
  "4": [
    33.46,
    34,
    34
  ],
  "10R": [
    35.13,
    36,
    36
  ],
  "P-SR": [
    33.33,
    34,
    34
  ],
  "M-L": [
    34.65,
    34,
    34
  ],
  "12R": [
    35.98,
    36,
    36
  ],
  "40": [
    34.07,
    34,
    34
  ],
  "10L": [
    34.5,
    36,
    36
  ],
  "34R": [
    32.2,
    32,
    32
  ],
  "14": [
    36.78,
    36,
    36
  ],
  "2R": [
    32.9,
    32,
    34
  ],
  "8R": [
    34.63,
    34,
    34
  ],
  "LR": [
    35.24,
    36,
    36
  ],
  "4R": [
    33.46,
    34,
    34
  ],
  "48": [
    36.29,
    36,
    36
  ],
  "46L": [
    34.67,
    36,
    34
  ],
  "50": [
    37.08,
    38,
    38
  ],
  "46": [
    35.48,
    36,
    36
  ],
  "16R": [
    38.04,
    38,
    38
  ],
  "0P": [
    33.25,
    34,
    32
  ],
  "44R": [
    35.55,
    36,
    36
  ],
  "0X": [
    37.0,
    38,
    36
  ],
  "0R": [
    32.58,
    32,
    32
  ],
  "XL": [
    36.89,
    36,
    36
  ],
  "XSR": [
    32.59,
    32,
    32
  ],
  "XXLR": [
    37.5,
    38,
    38
  ],
  "38": [
    33.54,
    34,
    34
  ],
  "S-M": [
    33.94,
    34,
    34
  ],
  "4XL": [
    38.0,
    38,
    38
  ],
  "34": [
    32.67,
    32,
    32
  ],
  "38R": [
    33.87,
    34,
    34
  ],
  "XXL": [
    38.26,
    38,
    38
  ],
  "3": [
    35.24,
    36,
    36
  ],
  "P-S": [
    33.21,
    34,
    34
  ],
  "3XR": [
    42.0,
    44,
    40
  ],
  "1XR": [
    38.0,
    38,
    38
  ],
  "XXS": [
    31.93,
    32,
    32
  ],
  "46R": [
    35.33,
    36,
    34
  ],
  "2X": [
    40.0,
    40,
    38
  ],
  "2XSR": [],
  "40R": [
    34.21,
    34,
    34
  ],
  "8L": [
    34.96,
    34,
    34
  ],
  "28R": [
    33.38,
    34,
    34
  ],
  "14R": [
    36.27,
    36,
    36
  ],
  "31": [
    35.67,
    36,
    36
  ],
  "12L": [
    35.88,
    36,
    36
  ],
  "ONESIZE": [
    35.33,
    34,
    34
  ],
  "18R": [
    38.6,
    38,
    38
  ],
  "27": [
    33.55,
    34,
    34
  ],
  "3X": [
    41.17,
    42,
    44
  ],
  "None": [
    34.63,
    34,
    34
  ],
  "1X": [
    39.41,
    40,
    38
  ],
  "20R": [
    39.33,
    38,
    38
  ],
  "20": [
    39.14,
    38,
    38
  ],
  "22WR": [
    40.0,
    40,
    40
  ],
  "29": [
    34.7,
    36,
    34
  ],
  "24": [
    32.89,
    32,
    32
  ],
  "2XL": [
    38.4,
    38,
    38
  ],
  "28": [
    34.0,
    34,
    34
  ],
  "ML": [
    34.5,
    34,
    34
  ],
  "18": [
    38.44,
    38,
    38
  ],
  "26": [
    33.42,
    34,
    32
  ],
  "48R": [
    36.44,
    36,
    36
  ],
  "XLL": [
    38.0,
    38,
    38
  ],
  "30": [
    34.29,
    34,
    34
  ],
  "2XR": [
    40.0,
    42,
    38
  ],
  "3R": [
    34.4,
    34,
    32
  ],
  "22": [
    41.0,
    42,
    40
  ],
  "14L": [
    37.27,
    38,
    36
  ],
  "30R": [
    34.83,
    36,
    36
  ],
  "27R": [
    34.13,
    34,
    34
  ],
  "36R": [
    33.16,
    34,
    34
  ],
  "4P": [
    33.0,
    34,
    32
  ],
  "52R": [],
  "18W": [
    41.0,
    42,
    40
  ],
  "1R": [
    34.0,
    34,
    34
  ],
  "16L": [
    38.22,
    38,
    40
  ],
  "5": [
    36.0,
    36,
    34
  ],
  "42L": [],
  "4L": [
    33.58,
    34,
    34
  ],
  "2L": [
    32.5,
    32,
    32
  ],
  "22R": [
    41.67,
    42,
    42
  ],
  "4XS": [
    34.0,
    36,
    32
  ],
  "3XSR": [
    32.0,
    32,
    32
  ],
  "33R": [
    36.0,
    36,
    36
  ],
  "2P": [
    33.08,
    34,
    34
  ],
  "2XS": [
    34.33,
    34,
    34
  ],
  "XS-S": [
    32.94,
    32,
    32
  ],
  "38L": [
    30.0,
    32,
    28
  ],
  "25R": [
    32.33,
    32,
    32
  ],
  "L-XL": [
    35.0,
    38,
    38
  ],
  "6P": [
    33.6,
    34,
    36
  ],
  "XXSR": [
    32.67,
    34,
    34
  ],
  "52": [
    38.0,
    38,
    38
  ],
  "29R": [
    34.89,
    34,
    34
  ],
  "25": [
    32.82,
    32,
    32
  ],
  "18-20": [
    40.0,
    42,
    38
  ],
  "12P": [
    34.0,
    34,
    34
  ],
  "26R": [
    33.54,
    34,
    34
  ],
  "14-16": [
    36.0,
    36,
    36
  ],
  "22W": [],
  "16WL": [],
  "SL": [
    33.2,
    32,
    32
  ],
  "32": [
    32.71,
    32,
    32
  ],
  "XLP": [
    34.0,
    34,
    34
  ],
  "5R": [
    36.5,
    38,
    38
  ],
  "XSP": [
    32.86,
    34,
    34
  ],
  "32R": [
    33.5,
    34,
    32
  ],
  "31R": [
    34.67,
    38,
    32
  ],
  "XSL": [],
  "SP": [
    33.2,
    34,
    34
  ],
  "3XL": [
    41.0,
    44,
    38
  ],
  "18/20": [],
  "00": [
    32.0,
    32,
    32
  ],
  "14P": [],
  "16WR": [],
  "16W": [
    34.67,
    38,
    32
  ],
  "-1": [],
  "8P": [
    34.0,
    34,
    34
  ],
  "10P": [
    32.0,
    32,
    32
  ],
  "LL": [
    36.0,
    36,
    36
  ],
  "54R": [],
  "44L": [],
  "16P": [],
  "40L": [],
  "22-24": [],
  "MP": [],
  "0L": [],
  "18WR": [],
  "3XS": [
    33.0,
    34,
    32
  ],
  "00R": [
    32.0,
    32,
    32
  ],
  "54": [],
  "18WP": [],
  "52L": [],
  "24R": [
    32.0,
    32,
    32
  ],
  "20WR": [],
  "M-LR": [],
  "20W": [
    40.0,
    40,
    40
  ],
  "14/16": [],
  "18L": [
    40.0,
    40,
    40
  ]
}