{
  "MR": [
    165.85,
    165.1,
    162.56
  ],
  "L": [
    165.72,
    167.64,
    167.64
  ],
  "S": [
    164.28,
    165.1,
    162.56
  ],
  "6": [
    165.46,
    165.1,
    167.64
  ],
  "16": [
    166.86,
    167.64,
    170.18
  ],
  "6R": [
    165.76,
    167.64,
    167.64
  ],
  "10": [
    165.53,
    165.1,
    167.64
  ],
  "36": [
    163.52,
    165.1,
    167.64
  ],
  "0": [
    159.95,
    160.02,
    157.48
  ],
  "12": [
    165.41,
    165.1,
    167.64
  ],
  "M": [
    165.67,
    165.1,
    170.18
  ],
  "8": [
    165.18,
    165.1,
    167.64
  ],
  "NONE": [
    165.08,
    165.1,
    167.64
  ],
  "44": [
    165.48,
    165.1,
    165.1
  ],
  "SR": [
    164.48,
    165.1,
    162.56
  ],
  "1": [
    164.31,
    165.1,
    162.56
  ],
  "42": [
    166.18,
    167.64,
    170.18
  ],
  "XLR": [
    166.52,
    167.64,
    167.64
  ],
  "XS": [
    161.12,
    162.56,
    162.56
  ],
  "": [],
  "2": [
    163.22,
    162.56,
    162.56
  ],
  "42R": [
    165.85,
    165.1,
    154.94
  ],
  "50R": [
    168.28,
    172.72,
    172.72
  ],
  "6L": [
    168.12,
    170.18,
    175.26
  ],
  "4": [
    164.49,
    165.1,
    162.56
  ],
  "10R": [
    166.75,
    167.64,
    170.18
  ],
  "P-SR": [
    166.37,
    170.18,
    162.56
  ],
  "M-L": [
    165.99,
    165.1,
    165.1
  ],
  "12R": [
    166.36,
    167.64,
    170.18
  ],
  "40": [
    165.56,
    167.64,
    167.64
  ],
  "10L": [
    162.24,
    154.94,
    154.94
  ],
  "34R": [
    165.1,
    165.1,
    162.56
  ],
  "14": [
    166.2,
    167.64,
    162.56
  ],
  "2R": [
    163.25,
    162.56,
    162.56
  ],
  "8R": [
    166.08,
    167.64,
    170.18
  ],
  "LR": [
    166.24,
    167.64,
    165.1
  ],
  "4R": [
    165.04,
    165.1,
    162.56
  ],
  "48": [
    165.4,
    167.64,
    154.94
  ],
  "46L": [
    171.03,
    175.26,
    167.64
  ],
  "50": [
    168.0,
    167.64,
    167.64
  ],
  "46": [
    165.17,
    167.64,
    170.18
  ],
  "16R": [
    166.15,
    167.64,
    167.64
  ],
  "0P": [
    156.21,
    160.02,
    152.4
  ],
  "44R": [
    167.51,
    167.64,
    167.64
  ],
  "0X": [
    164.08,
    165.1,
    172.72
  ],
  "0R": [
    161.27,
    160.02,
    160.02
  ],
  "XL": [
    166.11,
    167.64,
    170.18
  ],
  "XSR": [
    161.28,
    162.56,
    157.48
  ],
  "XXLR": [
    166.91,
    170.18,
    170.18
  ],
  "38": [
    164.05,
    165.1,
    162.56
  ],
  "S-M": [
    164.22,
    167.64,
    167.64
  ],
  "4XL": [],
  "34": [
    160.99,
    160.02,
    157.48
  ],
  "38R": [
    165.28,
    167.64,
    170.18
  ],
  "XXL": [
    166.03,
    165.1,
    165.1
  ],
  "3": [
    166.5,
    167.64,
    162.56
  ],
  "P-S": [
    163.47,
    162.56,
    162.56
  ],
  "3XR": [
    160.02,
    160.02,
    160.02
  ],
  "1XR": [
    174.41,
    182.88,
    167.64
  ],
  "XXS": [
    156.08,
    160.02,
    154.94
  ],
  "46R": [
    170.18,
    172.72,
    154.94
  ],
  "2X": [
    164.66,
    165.1,
    165.1
  ],
  "2XSR": [],
  "40R": [
    166.53,
    167.64,
    170.18
  ],
  "8L": [
    168.06,
    175.26,
    175.26
  ],
  "28R": [
    165.35,
    167.64,
    167.64
  ],
  "14R": [
    166.49,
    167.64,
    165.1
  ],
  "31": [
    161.92,
    167.64,
    167.64
  ],
  "12L": [
    170.18,
    172.72,
    175.26
  ],
  "ONESIZE": [
    166.37,
    167.64,
    162.56
  ],
  "18R": [
    166.59,
    165.1,
    165.1
  ],
  "27": [
    165.03,
    165.1,
    160.02
  ],
  "3X": [
    163.97,
    165.1,
    172.72
  ],
  "None": [
    165.1,
    165.1,
    167.64
  ],
  "1X": [
    166.91,
    167.64,
    172.72
  ],
  "20R": [
    165.46,
    167.64,
    162.56
  ],
  "20": [
    171.99,
    172.72,
    170.18
  ],
  "22WR": [],
  "29": [
    165.1,
    165.1,
    162.56
  ],
  "24": [
    159.6,
    160.02,
    160.02
  ],
  "2XL": [
    163.41,
    165.1,
    165.1
  ],
  "28": [
    167.23,
    167.64,
    172.72
  ],
  "ML": [
    164.68,
    167.64,
    154.94
  ],
  "18": [
    165.43,
    165.1,
    165.1
  ],
  "26": [
    166.52,
    167.64,
    172.72
  ],
  "48R": [
    167.96,
    167.64,
    175.26
  ],
  "XLL": [
    172.72,
    172.72,
    172.72
  ],
  "30": [
    169.67,
    172.72,
    172.72
  ],
  "2XR": [
    182.88,
    182.88,
    182.88
  ],
  "3R": [
    164.08,
    162.56,
    162.56
  ],
  "22": [
    162.56,
    162.56,
    154.94
  ],
  "14L": [
    162.56,
    165.1,
    154.94
  ],
  "30R": [
    167.32,
    170.18,
    162.56
  ],
  "27R": [
    163.24,
    162.56,
    167.64
  ],
  "36R": [
    162.28,
    162.56,
    162.56
  ],
  "4P": [
    160.66,
    162.56,
    154.94
  ],
  "52R": [
    162.56,
    162.56,
    162.56
  ],
  "18W": [
    182.88,
    182.88,
    182.88
  ],
  "1R": [
    164.87,
    167.64,
    160.02
  ],
  "16L": [
    163.19,
    170.18,
    154.94
  ],
  "5": [
    165.35,
    165.1,
    162.56
  ],
  "42L": [
    167.64,
    167.64,
    167.64
  ],
  "4L": [
    167.81,
    170.18,
    172.72
  ],
  "2L": [
    167.64,
    167.64,
    167.64
  ],
  "22R": [
    164.74,
    170.18,
    154.94
  ],
  "4XS": [
    154.94,
    154.94,
    154.94
  ],
  "3XSR": [
    168.91,
    170.18,
    167.64
  ],
  "33R": [
    162.56,
    162.56,
    162.56
  ],
  "2P": [
    162.14,
    162.56,
    160.02
  ],
  "2XS": [
    167.64,
    167.64,
    167.64
  ],
  "XS-S": [
    164.54,
    165.1,
    162.56
  ],
  "38L": [
    166.37,
    170.18,
    162.56
  ],
  "25R": [
    161.29,
    162.56,
    162.56
  ],
  "L-XL": [
    163.83,
    165.1,
    165.1
  ],
  "6P": [
    160.87,
    162.56,
    162.56
  ],
  "XXSR": [
    158.11,
    157.48,
    157.48
  ],
  "52": [
    164.68,
    167.64,
    167.64
  ],
  "29R": [
    165.1,
    165.1,
    160.02
  ],
  "25": [
    165.89,
    165.1,
    165.1
  ],
  "18-20": [
    167.64,
    170.18,
    165.1
  ],
  "12P": [
    165.1,
    165.1,
    165.1
  ],
  "26R": [
    161.43,
    162.56,
    162.56
  ],
  "14-16": [],
  "22W": [],
  "16WL": [],
  "SL": [
    165.95,
    172.72,
    154.94
  ],
  "32": [
    161.37,
    165.1,
    157.48
  ],
  "XLP": [
    162.56,
    162.56,
    162.56
  ],
  "5R": [
    165.95,
    172.72,
    154.94
  ],
  "XSP": [
    160.53,
    157.48,
    157.48
  ],
  "32R": [
    161.04,
    160.02,
    157.48
  ],
  "31R": [
    167.64,
    170.18,
    165.1
  ],
  "XSL": [],
  "SP": [
    159.51,
    160.02,
    157.48
  ],
  "3XL": [
    175.26,
    182.88,
    167.64
  ],
  "18/20": [],
  "00": [
    155.57,
    154.94,
    154.94
  ],
  "14P": [],
  "16WR": [],
  "16W": [
    159.17,
    165.1,
    152.4
  ],
  "-1": [
    162.56,
    167.64,
    167.64
  ],
  "8P": [],
  "10P": [
    167.64,
    167.64,
    167.64
  ],
  "LL": [
    160.02,
    170.18,
    154.94
  ],
  "54R": [
    157.48,
    157.48,
    157.48
  ],
  "44L": [],
  "16P": [],
  "40L": [],
  "22-24": [],
  "MP": [],
  "0L": [],
  "18WR": [],
  "3XS": [
    165.95,
    175.26,
    157.48
  ],
  "00R": [
    158.12,
    157.48,
    157.48
  ],
  "54": [
    172.72,
    172.72,
    172.72
  ],
  "18WP": [],
  "52L": [],
  "24R": [
    161.29,
    162.56,
    160.02
  ],
  "20WR": [],
  "M-LR": [],
  "20W": [
    170.18,
    170.18,
    170.18
  ],
  "14/16": [],
  "18L": [
    187.96,
    187.96,
    187.96
  ]
}